E.coli_IF3.C,E.coli_YhbY,T.thermophilus_SpoVS,S.solfataricus_Alba,A.pernix_Alba,L.bacterium_Alba,D.bacterium_Alba,P.falciparum_Alba3,P.falciparum_Alba4,T.gondii_Alba2,T.brucei_Alba,L.infantum_Alba3,O.sativa_Alba,H.sapiens_Rpp20,S.cerevisiae_Pop7,T.orientalis_Alba,P.falciparum_Alba5,H.sapiens_Rpp25,P.falciparum_Alba1,P.falciparum_Alba2,P.miliaceum_Alba,C.cedri_Alba,L.infantum_Alba1,P.promelas_Alba,C.briggsae_Alba,S.ratti_Alba,P.falciparum_Alba6,S.cerevisiae_Pop6,C.albicans_Alba,C.militaris_Alba,R.solani_Alba2,R.solani_Alba1,G.androsaceus_Alba
1,0.5762,0.6286,0.5788,0.5787,0.5896,0.6011,0.5378,0.5934,0.4883,0.5083,0.6317,0.547,0.4322,0.4107,0.2775,0.2849,0.3224,0.4675,0.4085,0.5105,0.4835,0.4038,0.4796,0.4319,0.4562,0.5886,0.3959,0.42,0.3744,0.4084,0.4449,0.408
0.6106,1,0.5398,0.5221,0.5224,0.5442,0.5374,0.5002,0.5247,0.4294,0.4572,0.5502,0.5002,0.3811,0.3843,0.2511,0.2574,0.2972,0.436,0.3691,0.4356,0.4344,0.3596,0.4194,0.3836,0.4378,0.5013,0.3596,0.385,0.3146,0.3364,0.399,0.3342
0.6233,0.5073,1,0.6483,0.6697,0.6877,0.6839,0.5884,0.6268,0.5183,0.5503,0.6653,0.5931,0.4832,0.4555,0.28,0.3107,0.3292,0.5337,0.4448,0.5555,0.4989,0.4166,0.4966,0.4552,0.491,0.6177,0.4214,0.4864,0.4257,0.4135,0.5105,0.4414
0.6083,0.5181,0.6896,1,0.8969,0.9391,0.9546,0.7498,0.7694,0.6479,0.6825,0.8725,0.7573,0.604,0.5602,0.3433,0.3676,0.42,0.7051,0.5471,0.7046,0.6454,0.5479,0.6261,0.5788,0.6097,0.7663,0.4957,0.5351,0.4533,0.4726,0.5697,0.4548
0.5928,0.5066,0.6945,0.8711,1,0.9137,0.9387,0.7313,0.7523,0.6322,0.6649,0.8533,0.7333,0.6033,0.5501,0.331,0.3674,0.4086,0.6863,0.541,0.6835,0.6092,0.533,0.61,0.5519,0.5828,0.7531,0.4785,0.5165,0.4427,0.4609,0.5593,0.4529
0.5994,0.523,0.7066,0.9021,0.9043,1,0.9585,0.7431,0.7786,0.6447,0.6753,0.859,0.7474,0.5963,0.5633,0.3304,0.3627,0.3999,0.6777,0.5496,0.6933,0.6174,0.5141,0.5988,0.548,0.579,0.7707,0.4732,0.5274,0.4527,0.4712,0.5569,0.4521
0.5865,0.4962,0.6715,0.8693,0.8808,0.9089,1,0.7142,0.7551,0.6366,0.6575,0.8272,0.7325,0.5728,0.5326,0.323,0.3454,0.3897,0.6658,0.5286,0.674,0.6071,0.5237,0.5923,0.5241,0.5687,0.7304,0.4546,0.5123,0.4373,0.4571,0.5474,0.3904
0.6085,0.5355,0.6789,0.8199,0.8213,0.844,0.854,1,0.8355,0.7282,0.7283,0.8698,0.7817,0.584,0.5359,0.332,0.3414,0.4165,0.6688,0.5263,0.6644,0.6096,0.5282,0.6136,0.5598,0.5993,0.7617,0.4858,0.5346,0.4476,0.4633,0.5473,0.4403
0.6341,0.5289,0.6762,0.7839,0.7883,0.8242,0.8405,0.7785,1,0.6399,0.7136,0.8645,0.7765,0.5546,0.5379,0.3171,0.3389,0.3908,0.6377,0.5048,0.6514,0.614,0.4915,0.5898,0.5361,0.5821,0.7564,0.4691,0.5183,0.4388,0.4643,0.5249,0.4402
0.6079,0.5031,0.6631,0.7871,0.7884,0.8118,0.8444,0.8111,0.762,1,0.6634,0.8269,0.7246,0.5619,0.508,0.3302,0.3292,0.4127,0.6664,0.5152,0.6674,0.6181,0.5288,0.6386,0.5613,0.6149,0.7517,0.4972,0.5418,0.4545,0.4706,0.544,0.4393
0.6187,0.527,0.6831,0.8123,0.8125,0.8322,0.8548,0.791,0.8318,0.648,1,0.8757,0.8811,0.5705,0.5574,0.327,0.354,0.387,0.667,0.5187,0.655,0.6016,0.4829,0.5876,0.5326,0.5816,0.7687,0.4795,0.5187,0.4328,0.4624,0.5488,0.4499
0.6425,0.5283,0.6833,0.8397,0.845,0.859,0.8704,0.7644,0.8159,0.6553,0.704,1,0.7611,0.5722,0.5409,0.3223,0.3515,0.4101,0.6516,0.521,0.668,0.6347,0.5219,0.616,0.5619,0.6081,0.7706,0.4914,0.5239,0.4454,0.4622,0.5303,0.4439
0.6057,0.5251,0.6686,0.8076,0.8041,0.8272,0.8533,0.7616,0.8117,0.6362,0.7899,0.8444,1,0.5734,0.5539,0.3331,0.3535,0.393,0.667,0.5263,0.6693,0.6119,0.4871,0.5917,0.5292,0.5738,0.765,0.4621,0.5235,0.4309,0.4532,0.5311,0.4317
0.6109,0.5017,0.6975,0.8505,0.872,0.8762,0.8821,0.7424,0.7621,0.6455,0.6717,0.8297,0.7503,1,0.6849,0.3812,0.4637,0.503,0.813,0.5971,0.7947,0.7051,0.6665,0.6586,0.6372,0.6116,0.7891,0.5022,0.5638,0.4856,0.4754,0.5741,0.4656
0.5662,0.5115,0.6604,0.7725,0.7765,0.8058,0.7963,0.6745,0.7355,0.5764,0.6527,0.7716,0.7239,0.6849,1,0.3777,0.4667,0.4771,0.7234,0.6027,0.6914,0.6592,0.5704,0.5887,0.6119,0.5557,0.7544,0.5128,0.4973,0.4313,0.4483,0.5241,0.4282
0.5794,0.4994,0.6284,0.7622,0.7521,0.745,0.7801,0.6799,0.6921,0.6124,0.6164,0.7355,0.6991,0.5977,0.5841,1,0.521,0.4807,0.779,0.5796,0.5885,0.687,0.5461,0.6909,0.5946,0.6441,0.7416,0.5559,0.6418,0.4974,0.4351,0.594,0.4999
0.5686,0.5014,0.6461,0.7981,0.8189,0.8215,0.8168,0.6651,0.7163,0.5747,0.6514,0.7901,0.7224,0.712,0.7072,0.5031,1,0.4703,0.752,0.5484,0.7241,0.6352,0.5782,0.5985,0.5832,0.5806,0.7702,0.5483,0.5815,0.5126,0.3038,0.5863,0.5014
0.6122,0.5119,0.6491,0.7963,0.7937,0.7804,0.8085,0.7276,0.7346,0.6566,0.6257,0.8015,0.7006,0.6845,0.6371,0.4101,0.4216,1,0.8485,0.6899,0.8762,0.8978,0.6969,0.9305,0.7761,0.8167,0.7644,0.618,0.6561,0.5499,0.5109,0.6045,0.5338
0.5479,0.4874,0.6462,0.8162,0.8136,0.8106,0.8387,0.7078,0.7217,0.636,0.6518,0.779,0.7231,0.6771,0.6098,0.3982,0.4134,0.51,1,0.624,0.8486,0.7615,0.6026,0.7381,0.6563,0.6884,0.7735,0.5514,0.6142,0.5178,0.5117,0.6176,0.5044
0.6111,0.5171,0.6907,0.8195,0.8378,0.858,0.8695,0.7196,0.738,0.6319,0.6519,0.8037,0.7334,0.6366,0.6402,0.3879,0.3784,0.5369,0.8017,1,0.89,0.7907,0.5467,0.7838,0.6656,0.7031,0.781,0.5129,0.6305,0.5214,0.4997,0.6097,0.5302
0.6055,0.4847,0.6728,0.8125,0.8088,0.8284,0.8481,0.6982,0.7332,0.6318,0.6347,0.7967,0.7212,0.651,0.5733,0.3339,0.3861,0.5229,0.8416,0.6814,1,0.7969,0.5818,0.7883,0.651,0.6992,0.7655,0.5147,0.6063,0.5423,0.4986,0.5934,0.5312
0.6204,0.5225,0.6541,0.81,0.7836,0.8013,0.8316,0.702,0.761,0.6416,0.6385,0.8252,0.7209,0.6369,0.5987,0.3826,0.3802,0.5803,0.8282,0.6705,0.8745,1,0.6215,0.8794,0.7202,0.7706,0.7769,0.5738,0.6261,0.5301,0.5017,0.5783,0.5214
0.4912,0.4051,0.514,0.6401,0.6373,0.6194,0.6652,0.5709,0.568,0.5218,0.4863,0.6288,0.536,0.5848,0.505,0.3113,0.3461,0.4531,0.6191,0.4533,0.6024,0.5936,1,0.5771,0.5444,0.5038,0.5529,0.429,0.4656,0.3811,0.3679,0.4322,0.2901
0.6097,0.495,0.6421,0.7743,0.7772,0.7664,0.7998,0.6999,0.7168,0.6581,0.6182,0.7888,0.6887,0.5941,0.5359,0.383,0.3543,0.592,0.7951,0.662,0.8573,0.8729,0.5999,1,0.724,0.8269,0.7547,0.5899,0.6449,0.5414,0.5082,0.5945,0.5271
0.6229,0.5068,0.673,0.8166,0.7982,0.7985,0.8035,0.7257,0.7463,0.6577,0.637,0.8208,0.7002,0.6487,0.6224,0.3796,0.394,0.5808,0.8035,0.6382,0.8045,0.8092,0.6259,0.8204,1,0.7986,0.7774,0.6644,0.6725,0.5599,0.5408,0.6187,0.5545
0.5776,0.5285,0.6478,0.7663,0.7514,0.7513,0.776,0.6917,0.7205,0.6424,0.6207,0.7928,0.6767,0.5573,0.5084,0.3646,0.3441,0.5378,0.7541,0.6053,0.7713,0.776,0.5296,0.8388,0.7153,1,0.757,0.6126,0.6466,0.5397,0.5164,0.6065,0.5378
0.6131,0.4933,0.6494,0.7593,0.767,0.7924,0.7871,0.6925,0.7362,0.6181,0.6471,0.7922,0.7125,0.5587,0.5426,0.3288,0.3497,0.3948,0.6641,0.5204,0.66,0.6124,0.4734,0.6022,0.5441,0.5959,1,0.4988,0.5426,0.4554,0.4778,0.5525,0.4514
0.6109,0.5171,0.6815,0.7582,0.7565,0.7536,0.7578,0.6813,0.7097,0.6312,0.625,0.7862,0.6654,0.5551,0.5615,0.3859,0.396,0.5058,0.733,0.5358,0.6958,0.7046,0.5256,0.7292,0.7243,0.7467,0.7794,1,0.7161,0.5589,0.5559,0.6351,0.5584
0.5805,0.5024,0.7138,0.7389,0.7367,0.7562,0.7665,0.6804,0.7039,0.6238,0.6089,0.7571,0.6764,0.5638,0.4973,0.4042,0.3818,0.4811,0.7361,0.5942,0.7312,0.6908,0.5309,0.7181,0.6599,0.7099,0.7652,0.639,1,0.5514,0.5429,0.6381,0.5864
0.5989,0.4747,0.731,0.7443,0.752,0.7699,0.7819,0.6732,0.7048,0.618,0.6036,0.7577,0.6604,0.5767,0.5086,0.3693,0.3973,0.4769,0.7451,0.5839,0.7818,0.6953,0.5107,0.7195,0.6545,0.7047,0.7612,0.5971,0.6591,1,0.5461,0.6532,0.612
0.6568,0.497,0.7002,0.7567,0.7598,0.784,0.7938,0.6803,0.726,0.6232,0.625,0.7644,0.6777,0.549,0.5144,0.3226,0.2436,0.428,0.7147,0.5426,0.7034,0.6407,0.485,0.6544,0.6129,0.655,0.7781,0.5754,0.6291,0.5283,1,0.6816,0.679
0.5695,0.4818,0.6865,0.7313,0.7363,0.7425,0.7668,0.6404,0.6543,0.5761,0.5943,0.7039,0.6369,0.5292,0.4843,0.341,0.3478,0.4046,0.6863,0.5273,0.6644,0.5905,0.463,0.6116,0.5611,0.615,0.7154,0.5284,0.5881,0.5032,0.5492,1,0.5337
0.6446,0.4705,0.7207,0.7149,0.734,0.7407,0.6139,0.6294,0.6705,0.5707,0.597,0.7209,0.6303,0.5286,0.4831,0.3537,0.3696,0.439,0.6939,0.5657,0.7333,0.6556,0.3608,0.6669,0.6174,0.6695,0.713,0.568,0.6658,0.5814,0.6679,0.6557,1
