0.492	M	-0.132464249599982	0.513440860215054	0.161861485493642
0.329	S	-1.13949813108751	0.513440860215054	0.161861485493642
0.274	A	-1.4792948395649	0.513440860215054	0.161861485493642
0.224	T	-1.78820093818071	0.513440860215054	0.161861485493642
0.27	P	-1.50400732745416	0.513440860215054	0.161861485493642
0.153	T	-2.22684759821515	0.513440860215054	0.161861485493642
0.313	P	-1.23834808264457	0.513440860215054	0.161861485493642
0.461	S	-0.323986030741782	0.513440860215054	0.161861485493642
0.566	N	0.324716776351413	0.513440860215054	0.161861485493642
0.392	V	-0.750276446831596	0.513440860215054	0.161861485493642
0.73	V	1.33792877981126	0.513440860215054	0.161861485493642
0.438	L	-0.466082836105053	0.513440860215054	0.161861485493642
0.811	I	1.83835665956887	0.513440860215054	0.161861485493642
0.425	G	-0.546398421745163	0.513440860215054	0.161861485493642
0.296	K	-1.34337615617395	0.513440860215054	0.161861485493642
0.645	K	0.812788412164387	0.513440860215054	0.161861485493642
0.202	P	-1.92411962157166	0.513440860215054	0.161861485493642
0.549	V	0.219688702822038	0.513440860215054	0.161861485493642
0.462	M	-0.317807908769466	0.513440860215054	0.161861485493642
0.435	N	-0.484617202022002	0.513440860215054	0.161861485493642
0.568	Y	0.337073020296045	0.513440860215054	0.161861485493642
0.689	V	1.0846257789463	0.513440860215054	0.161861485493642
0.434	L	-0.490795323994318	0.513440860215054	0.161861485493642
0.432	A	-0.50315156793895	0.513440860215054	0.161861485493642
0.585	A	0.442101093825419	0.513440860215054	0.161861485493642
0.465	L	-0.299273542852517	0.513440860215054	0.161861485493642
0.475	T	-0.237492323129356	0.513440860215054	0.161861485493642
0.463	L	-0.31162978679715	0.513440860215054	0.161861485493642
0.679	L	1.02284455922314	0.513440860215054	0.161861485493642
0.502	N	-0.070683029876821	0.513440860215054	0.161861485493642
0.44	Q	-0.453726592160421	0.513440860215054	0.161861485493642
0.334	G	-1.10860752122593	0.513440860215054	0.161861485493642
0.38	V	-0.824413910499389	0.513440860215054	0.161861485493642
0.469	S	-0.274561054963253	0.513440860215054	0.161861485493642
0.532	E	0.114660629292664	0.513440860215054	0.161861485493642
0.82	I	1.89395975731971	0.513440860215054	0.161861485493642
0.499	V	-0.089217395793769	0.513440860215054	0.161861485493642
0.677	I	1.0104883152785	0.513440860215054	0.161861485493642
0.544	K	0.188798092960458	0.513440860215054	0.161861485493642
0.7	A	1.15258512064178	0.513440860215054	0.161861485493642
0.485	R	-0.175711103406195	0.513440860215054	0.161861485493642
0.824	G	1.91867224520898	0.513440860215054	0.161861485493642
0.516	R	0.015810677735606	0.513440860215054	0.161861485493642
0.692	A	1.10316014486325	0.513440860215054	0.161861485493642
0.815	I	1.86306914745813	0.513440860215054	0.161861485493642
0.535	S	0.133194995209612	0.513440860215054	0.161861485493642
0.653	K	0.862213387942917	0.513440860215054	0.161861485493642
0.604	A	0.559485411299425	0.513440860215054	0.161861485493642
0.816	V	1.86924726943045	0.513440860215054	0.161861485493642
0.515	D	0.009632555763289	0.513440860215054	0.161861485493642
0.676	T	1.00431019330619	0.513440860215054	0.161861485493642
0.658	V	0.893103997804497	0.513440860215054	0.161861485493642
0.678	E	1.01666643725082	0.513440860215054	0.161861485493642
0.591	I	0.479169825659316	0.513440860215054	0.161861485493642
0.634	V	0.74482907046891	0.513440860215054	0.161861485493642
0.672	R	0.979597705416923	0.513440860215054	0.161861485493642
0.587	N	0.454457337770051	0.513440860215054	0.161861485493642
0.572	R	0.36178550818531	0.513440860215054	0.161861485493642
0.449	F	-0.398123494409576	0.513440860215054	0.161861485493642
0.256	L	-1.59050103506659	0.513440860215054	0.161861485493642
0.49	P	-0.144820493544614	0.513440860215054	0.161861485493642
0.26	D	-1.56578854717733	0.513440860215054	0.161861485493642
0.461	I	-0.323986030741782	0.513440860215054	0.161861485493642
0.452	E	-0.379589128492627	0.513440860215054	0.161861485493642
0.609	I	0.590376021161006	0.513440860215054	0.161861485493642
0.449	K	-0.398123494409576	0.513440860215054	0.161861485493642
0.472	E	-0.256026689046304	0.513440860215054	0.161861485493642
0.569	I	0.343251142268361	0.513440860215054	0.161861485493642
0.448	R	-0.404301616381892	0.513440860215054	0.161861485493642
0.628	I	0.707760338635013	0.513440860215054	0.161861485493642
0.15	G	-2.2453819641321	0.513440860215054	0.161861485493642
0.303	S	-1.30012930236773	0.513440860215054	0.161861485493642
0.693	Q	1.10933826683556	0.513440860215054	0.161861485493642
0.418	V	-0.589645275551376	0.513440860215054	0.161861485493642
0.307	V	-1.27541681447847	0.513440860215054	0.161861485493642
0.476	Q	-0.23131420115704	0.513440860215054	0.161861485493642
0.484	D	-0.181889225378511	0.513440860215054	0.161861485493642
0.524	G	0.065235653514135	0.513440860215054	0.161861485493642
0.299	K	-1.324841790257	0.513440860215054	0.161861485493642
0.315	Q	-1.22599183869994	0.513440860215054	0.161861485493642
0.646	S	0.818966534136704	0.513440860215054	0.161861485493642
0.463	R	-0.31162978679715	0.513440860215054	0.161861485493642
0.659	V	0.899282119776813	0.513440860215054	0.161861485493642
0.619	S	0.652157240884168	0.513440860215054	0.161861485493642
0.463	T	-0.31162978679715	0.513440860215054	0.161861485493642
0.792	I	1.72097234209486	0.513440860215054	0.161861485493642
0.491	E	-0.138642371572298	0.513440860215054	0.161861485493642
0.847	I	2.06076905057225	0.513440860215054	0.161861485493642
0.399	A	-0.707029593025383	0.513440860215054	0.161861485493642
0.777	I	1.62830051251012	0.513440860215054	0.161861485493642
0.513	R	-0.002723688181343	0.513440860215054	0.161861485493642
0.577	K	0.39267611804689	0.513440860215054	0.161861485493642
0.315	K	-1.22599183869994	0.513440860215054	0.161861485493642
